3149,"Monica, Card J",1055 GodFrey St,"Aloha, OR",503-591-8239
3149,"Monica, Card J",1055 GodFrey St,"Aloha, OR",503-591-8239
3149,"Monica, Card J",1055 GodFrey St,"Aloha, OR",503-591-8239
2498,"Michael, Frost S",818 Vernon St,"Carlsbad, CA",760-720-3083
7835,"Marietta, Ellis J",4191 Irvine Rd,"Okland, CA",415-714-3681
9208,"Houser, Marietta H",3581 Frank Ave,"Ironton, OH",740-533-521
2879,"Ruff, Esther S",1803 Whiteman Ct,"Meriden, CT",203-631-6173
3790,"White, Mario A",286 Ocala St,"Orlando, FL",407-419-4808
2879,"Ruff, Esther S",1803 Whiteman Ct,"Meriden, CT",203-631-6173
3790,"White, Mario A",286 Ocala St,"Orlando, FL",407-419-4808
2879,"Ruff, Esther S",1803 Whiteman Ct,"Meriden, CT",203-631-6173
3790,"White, Mario A",286 Ocala St,"Orlando, FL",407-419-4808
2879,"Ruff, Esther S",1803 Whiteman Ct,"Meriden, CT",203-631-6173
3790,"White, Mario A",286 Ocala St,"Orlando, FL",407-419-4808
3354,"Mills, Kevin",662 Jewell Rd,"Minneapolis, MN",612-713-6316
3354,"Mills, Kevin",662 Jewell Rd,"Minneapolis, MN",612-713-6316
5724,"Paulson, Sean",3852 Grim Ave,"Dekalb, IL",815-571-8976
4550,"Broyles, Alexander B",3019 Rode Ave,"Beltsy, DC",202-413-0737
4795,"Brinson, Elain",4707 Traders Alley,"Raytown, MO",816-353-6539
5318,"Long, Amanda B",2817 Heavner Ave,"Dunwoody, GA",770-828-1503
1296,"Wells, Katherine",3643 Highland View Dr,"Sacremento, CA",916-646-5113
3354,"Mills, Kevin",662 Jewell Rd,"Minneapolis, MN",612-713-6316
3354,"Mills, Kevin",662 Jewell Rd,"Minneapolis, MN",612-713-6316
5724,"Paulson, Sean",3852 Grim Ave,"Dekalb, IL",815-571-8976
4550,"Broyles, Alexander B",3019 Rode Ave,"Beltsy, DC",202-413-0737
4795,"Brinson, Elain",4707 Traders Alley,"Raytown, MO",816-353-6539
5318,"Long, Amanda B",2817 Heavner Ave,"Dunwoody, GA",770-828-1503
1296,"Wells, Katherine",3643 Highland View Dr,"Sacremento, CA",916-646-5113
1296,"Wells, Katherine",3643 Highland View Dr,"Sacremento, CA",916-646-5113